formula_seed,mode,success,steps,assigned_count
42,dpll_control,True,15,30
42,greedy_L,False,29,30
42,greedy_LG,True,3,30
42,lookahead_LG_3,True,7,30
42,lookahead_L_3,False,27,30
43,dpll_control,True,6,30
43,greedy_L,False,30,30
43,greedy_LG,True,3,30
43,lookahead_LG_3,True,5,30
43,lookahead_L_3,False,30,30
44,dpll_control,True,27,30
44,greedy_L,False,29,30
44,greedy_LG,False,17,30
44,lookahead_LG_3,True,10,30
44,lookahead_L_3,False,28,30
45,dpll_control,True,13,30
45,greedy_L,False,30,30
45,greedy_LG,True,3,30
45,lookahead_LG_3,True,9,30
45,lookahead_L_3,False,30,30
46,dpll_control,False,41,0
46,greedy_L,False,0,0
46,greedy_LG,False,0,0
46,lookahead_LG_3,False,0,0
46,lookahead_L_3,False,0,0
46,random,False,0,0
47,dpll_control,True,28,30
47,greedy_L,False,28,30
47,greedy_LG,False,27,30
47,lookahead_LG_3,True,8,30
47,lookahead_L_3,False,28,30
48,dpll_control,True,12,30
48,greedy_L,False,28,30
48,greedy_LG,True,3,30
48,lookahead_LG_3,True,10,30
48,lookahead_L_3,False,26,30
49,dpll_control,True,46,30
49,greedy_L,False,30,30
49,greedy_LG,False,28,30
49,lookahead_LG_3,True,12,30
49,lookahead_L_3,False,28,30
50,dpll_control,True,20,30
50,greedy_L,False,29,30
50,greedy_LG,False,19,30
50,lookahead_LG_3,True,8,30
50,lookahead_L_3,False,27,30
51,dpll_control,True,21,30
51,greedy_L,False,29,30
51,greedy_LG,False,22,30
51,lookahead_LG_3,True,9,30
51,lookahead_L_3,False,27,30
52,dpll_control,True,14,30
52,greedy_L,False,30,30
52,greedy_LG,True,3,30
52,lookahead_LG_3,True,11,30
52,lookahead_L_3,False,28,30
53,dpll_control,True,46,30
53,greedy_L,False,28,30
53,greedy_LG,True,3,30
53,lookahead_LG_3,True,6,30
53,lookahead_L_3,False,26,30
54,dpll_control,True,10,30
54,greedy_L,False,30,30
54,greedy_LG,True,4,30
54,lookahead_LG_3,True,11,30
54,lookahead_L_3,False,28,30
55,dpll_control,True,17,30
55,greedy_L,True,22,30
55,greedy_LG,False,22,30
55,lookahead_LG_3,True,5,30
55,lookahead_L_3,True,30,30
56,dpll_control,True,18,30
56,greedy_L,False,30,30
56,greedy_LG,False,23,30
56,lookahead_LG_3,True,10,30
56,lookahead_L_3,False,28,30
57,dpll_control,True,24,30
57,greedy_L,False,30,30
57,greedy_LG,False,26,30
57,lookahead_LG_3,True,8,30
57,lookahead_L_3,False,28,30
58,dpll_control,True,4,30
58,greedy_L,False,30,30
58,greedy_LG,False,20,30
58,lookahead_LG_3,True,7,30
58,lookahead_L_3,False,27,30
59,dpll_control,True,11,30
59,greedy_L,False,30,30
59,greedy_LG,True,2,30
59,lookahead_LG_3,True,4,30
59,lookahead_L_3,False,28,30
60,dpll_control,True,14,30
60,greedy_L,True,26,30
60,greedy_LG,True,3,30
60,lookahead_LG_3,True,7,30
60,lookahead_L_3,False,28,30
61,dpll_control,False,39,0
61,greedy_L,False,0,0
61,greedy_LG,False,0,0
61,lookahead_LG_3,False,0,0
61,lookahead_L_3,False,0,0
61,random,False,0,0
62,dpll_control,True,31,30
62,greedy_L,False,28,30
62,greedy_LG,True,3,30
62,lookahead_LG_3,True,10,30
62,lookahead_L_3,False,27,30
63,dpll_control,True,8,30
63,greedy_L,False,30,30
63,greedy_LG,False,22,30
63,lookahead_LG_3,True,6,30
63,lookahead_L_3,False,28,30
64,dpll_control,True,12,30
64,greedy_L,True,27,30
64,greedy_LG,False,26,30
64,lookahead_LG_3,True,5,30
64,lookahead_L_3,True,30,30
65,dpll_control,False,25,0
65,greedy_L,False,0,0
65,greedy_LG,False,0,0
65,lookahead_LG_3,False,0,0
65,lookahead_L_3,False,0,0
65,random,False,0,0
66,dpll_control,True,8,30
66,greedy_L,True,28,30
66,greedy_LG,False,26,30
66,lookahead_LG_3,True,9,30
66,lookahead_L_3,True,30,30
67,dpll_control,True,27,30
67,greedy_L,False,29,30
67,greedy_LG,False,27,30
67,lookahead_LG_3,True,12,30
67,lookahead_L_3,False,27,30
68,dpll_control,True,9,30
68,greedy_L,False,28,30
68,greedy_LG,True,3,30
68,lookahead_LG_3,True,11,30
68,lookahead_L_3,False,26,30
69,dpll_control,True,13,30
69,greedy_L,False,30,30
69,greedy_LG,False,19,30
69,lookahead_LG_3,True,7,30
69,lookahead_L_3,False,28,30
70,dpll_control,True,22,30
70,greedy_L,False,30,30
70,greedy_LG,True,4,30
70,lookahead_LG_3,True,8,30
70,lookahead_L_3,False,29,30
71,dpll_control,False,59,0
71,greedy_L,False,0,0
71,greedy_LG,False,0,0
71,lookahead_LG_3,False,0,0
71,lookahead_L_3,False,0,0
71,random,False,0,0
72,dpll_control,True,16,30
72,greedy_L,False,27,30
72,greedy_LG,True,3,30
72,lookahead_LG_3,True,8,30
72,lookahead_L_3,False,27,30
73,dpll_control,True,11,30
73,greedy_L,False,30,30
73,greedy_LG,True,4,30
73,lookahead_LG_3,True,9,30
73,lookahead_L_3,False,28,30
74,dpll_control,True,14,30
74,greedy_L,False,30,30
74,greedy_LG,True,3,30
74,lookahead_LG_3,True,11,30
74,lookahead_L_3,False,28,30
75,dpll_control,True,16,30
75,greedy_L,False,29,30
75,greedy_LG,False,21,30
75,lookahead_LG_3,True,5,30
75,lookahead_L_3,False,30,30
76,dpll_control,True,11,30
76,greedy_L,True,20,30
76,greedy_LG,True,3,30
76,lookahead_LG_3,True,12,30
76,lookahead_L_3,True,27,30
77,dpll_control,False,67,0
77,greedy_L,False,0,0
77,greedy_LG,False,0,0
77,lookahead_LG_3,False,0,0
77,lookahead_L_3,False,0,0
77,random,False,0,0
78,dpll_control,True,21,30
78,greedy_L,False,29,30
78,greedy_LG,True,2,30
78,lookahead_LG_3,True,10,30
78,lookahead_L_3,False,28,30
79,dpll_control,False,41,0
79,greedy_L,False,0,0
79,greedy_LG,False,0,0
79,lookahead_LG_3,False,0,0
79,lookahead_L_3,False,0,0
79,random,False,0,0
80,dpll_control,True,13,30
80,greedy_L,False,30,30
80,greedy_LG,True,3,30
80,lookahead_LG_3,True,6,30
80,lookahead_L_3,True,26,30
81,dpll_control,True,9,30
81,greedy_L,True,22,30
81,greedy_LG,True,3,30
81,lookahead_LG_3,True,9,30
81,lookahead_L_3,True,29,30
82,dpll_control,True,21,30
82,greedy_L,False,30,30
82,greedy_LG,True,3,30
82,lookahead_LG_3,True,10,30
82,lookahead_L_3,False,28,30
83,dpll_control,True,23,30
83,greedy_L,False,30,30
83,greedy_LG,False,25,30
83,lookahead_LG_3,True,10,30
83,lookahead_L_3,False,28,30
84,dpll_control,True,11,30
84,greedy_L,False,29,30
84,greedy_LG,True,5,30
84,lookahead_LG_3,True,7,30
84,lookahead_L_3,True,29,30
85,dpll_control,True,14,30
85,greedy_L,True,24,30
85,greedy_LG,False,28,30
85,lookahead_LG_3,True,8,30
85,lookahead_L_3,True,30,30
86,dpll_control,True,8,30
86,greedy_L,False,29,30
86,greedy_LG,True,3,30
86,lookahead_LG_3,True,6,30
86,lookahead_L_3,False,27,30
87,dpll_control,True,15,30
87,greedy_L,False,30,30
87,greedy_LG,True,3,30
87,lookahead_LG_3,True,11,30
87,lookahead_L_3,False,28,30
88,dpll_control,True,35,30
88,greedy_L,True,26,30
88,greedy_LG,True,4,30
88,lookahead_LG_3,True,10,30
88,lookahead_L_3,True,29,30
89,dpll_control,True,11,30
89,greedy_L,False,30,30
89,greedy_LG,False,22,30
89,lookahead_LG_3,True,9,30
89,lookahead_L_3,False,29,30
90,dpll_control,True,16,30
90,greedy_L,True,23,30
90,greedy_LG,True,4,30
90,lookahead_LG_3,True,11,30
90,lookahead_L_3,True,29,30
91,dpll_control,True,10,30
91,greedy_L,True,21,30
91,greedy_LG,True,3,30
91,lookahead_LG_3,True,10,30
91,lookahead_L_3,True,30,30
92,dpll_control,True,77,30
92,greedy_L,False,28,30
92,greedy_LG,False,21,30
92,lookahead_LG_3,True,10,30
92,lookahead_L_3,False,26,30
93,dpll_control,True,17,30
93,greedy_L,False,30,30
93,greedy_LG,True,3,30
93,lookahead_LG_3,True,6,30
93,lookahead_L_3,False,28,30
94,dpll_control,True,14,30
94,greedy_L,False,30,30
94,greedy_LG,False,24,30
94,lookahead_LG_3,True,6,30
94,lookahead_L_3,False,28,30
95,dpll_control,True,10,30
95,greedy_L,False,30,30
95,greedy_LG,True,3,30
95,lookahead_LG_3,True,10,30
95,lookahead_L_3,True,30,30
96,dpll_control,True,10,30
96,greedy_L,True,23,30
96,greedy_LG,True,3,30
96,lookahead_LG_3,True,9,30
96,lookahead_L_3,True,30,30
97,dpll_control,True,7,30
97,greedy_L,True,24,30
97,greedy_LG,True,4,30
97,lookahead_LG_3,True,13,30
97,lookahead_L_3,True,29,30
98,dpll_control,True,11,30
98,greedy_L,True,20,30
98,greedy_LG,True,5,30
98,lookahead_LG_3,True,13,30
98,lookahead_L_3,True,30,30
99,dpll_control,False,35,0
99,greedy_L,False,0,0
99,greedy_LG,False,0,0
99,lookahead_LG_3,False,0,0
99,lookahead_L_3,False,0,0
99,random,False,0,0
100,dpll_control,False,23,0
100,greedy_L,False,0,0
100,greedy_LG,False,0,0
100,lookahead_LG_3,False,0,0
100,lookahead_L_3,False,0,0
100,random,False,0,0
101,dpll_control,True,9,30
101,greedy_L,False,30,30
101,greedy_LG,True,4,30
101,lookahead_LG_3,True,8,30
101,lookahead_L_3,True,30,30
102,dpll_control,True,7,30
102,greedy_L,False,30,30
102,greedy_LG,False,20,30
102,lookahead_LG_3,True,9,30
102,lookahead_L_3,True,30,30
103,dpll_control,False,41,0
103,greedy_L,False,0,0
103,greedy_LG,False,0,0
103,lookahead_LG_3,False,0,0
103,lookahead_L_3,False,0,0
103,random,False,0,0
104,dpll_control,True,11,30
104,greedy_L,True,27,30
104,greedy_LG,False,26,30
104,lookahead_LG_3,True,10,30
104,lookahead_L_3,True,29,30
105,dpll_control,True,12,30
105,greedy_L,False,30,30
105,greedy_LG,False,26,30
105,lookahead_LG_3,True,8,30
105,lookahead_L_3,True,28,30
106,dpll_control,True,5,30
106,greedy_L,False,30,30
106,greedy_LG,True,3,30
106,lookahead_LG_3,True,9,30
106,lookahead_L_3,False,29,30
107,dpll_control,True,18,30
107,greedy_L,False,30,30
107,greedy_LG,False,22,30
107,lookahead_LG_3,True,7,30
107,lookahead_L_3,False,28,30
108,dpll_control,True,14,30
108,greedy_L,False,29,30
108,greedy_LG,True,2,30
108,lookahead_LG_3,True,9,30
108,lookahead_L_3,True,27,30
109,dpll_control,True,13,30
109,greedy_L,False,29,30
109,greedy_LG,True,3,30
109,lookahead_LG_3,True,5,30
109,lookahead_L_3,False,27,30
110,dpll_control,True,36,30
110,greedy_L,False,30,30
110,greedy_LG,True,3,30
110,lookahead_LG_3,True,5,30
110,lookahead_L_3,False,28,30
111,dpll_control,True,18,30
111,greedy_L,False,30,30
111,greedy_LG,False,26,30
111,lookahead_LG_3,True,7,30
111,lookahead_L_3,False,28,30
112,dpll_control,True,12,30
112,greedy_L,True,17,30
112,greedy_LG,True,4,30
112,lookahead_LG_3,True,7,30
112,lookahead_L_3,True,30,30
113,dpll_control,True,34,30
113,greedy_L,False,30,30
113,greedy_LG,True,3,30
113,lookahead_LG_3,True,7,30
113,lookahead_L_3,False,28,30
114,dpll_control,True,12,30
114,greedy_L,True,26,30
114,greedy_LG,False,26,30
114,lookahead_LG_3,True,7,30
114,lookahead_L_3,True,29,30
115,dpll_control,True,17,30
115,greedy_L,False,29,30
115,greedy_LG,False,24,30
115,lookahead_LG_3,True,10,30
115,lookahead_L_3,False,27,30
116,dpll_control,True,14,30
116,greedy_L,False,29,30
116,greedy_LG,False,29,30
116,lookahead_LG_3,True,6,30
116,lookahead_L_3,False,27,30
117,dpll_control,True,23,30
117,greedy_L,False,28,30
117,greedy_LG,True,5,30
117,lookahead_LG_3,True,11,30
117,lookahead_L_3,False,28,30
118,dpll_control,True,45,30
118,greedy_L,False,30,30
118,greedy_LG,True,4,30
118,lookahead_LG_3,True,6,30
118,lookahead_L_3,False,27,30
119,dpll_control,True,19,30
119,greedy_L,False,30,30
119,greedy_LG,False,25,30
119,lookahead_LG_3,True,8,30
119,lookahead_L_3,False,28,30
120,dpll_control,True,38,30
120,greedy_L,True,20,30
120,greedy_LG,False,24,30
120,lookahead_LG_3,True,6,30
120,lookahead_L_3,True,26,30
121,dpll_control,True,7,30
121,greedy_L,False,29,30
121,greedy_LG,True,5,30
121,lookahead_LG_3,True,3,30
121,lookahead_L_3,False,28,30
122,dpll_control,False,45,0
122,greedy_L,False,0,0
122,greedy_LG,False,0,0
122,lookahead_LG_3,False,0,0
122,lookahead_L_3,False,0,0
122,random,False,0,0
123,dpll_control,True,13,30
123,greedy_L,True,26,30
123,greedy_LG,False,28,30
123,lookahead_LG_3,True,6,30
123,lookahead_L_3,True,26,30
124,dpll_control,True,13,30
124,greedy_L,True,24,30
124,greedy_LG,False,28,30
124,lookahead_LG_3,True,6,30
124,lookahead_L_3,True,30,30
125,dpll_control,True,11,30
125,greedy_L,False,29,30
125,greedy_LG,True,3,30
125,lookahead_LG_3,True,10,30
125,lookahead_L_3,False,28,30
126,dpll_control,True,27,30
126,greedy_L,False,29,30
126,greedy_LG,False,22,30
126,lookahead_LG_3,True,11,30
126,lookahead_L_3,True,19,30
127,dpll_control,True,8,30
127,greedy_L,True,25,30
127,greedy_LG,True,3,30
127,lookahead_LG_3,True,11,30
127,lookahead_L_3,True,29,30
128,dpll_control,False,39,0
128,greedy_L,False,0,0
128,greedy_LG,False,0,0
128,lookahead_LG_3,False,0,0
128,lookahead_L_3,False,0,0
128,random,False,0,0
129,dpll_control,True,8,30
129,greedy_L,True,22,30
129,greedy_LG,True,4,30
129,lookahead_LG_3,True,8,30
129,lookahead_L_3,True,25,30
130,dpll_control,True,23,30
130,greedy_L,False,29,30
130,greedy_LG,False,22,30
130,lookahead_LG_3,True,7,30
130,lookahead_L_3,False,27,30
131,dpll_control,False,17,0
131,greedy_L,False,0,0
131,greedy_LG,False,0,0
131,lookahead_LG_3,False,0,0
131,lookahead_L_3,False,0,0
131,random,False,0,0
132,dpll_control,True,7,30
132,greedy_L,False,30,30
132,greedy_LG,True,3,30
132,lookahead_LG_3,True,8,30
132,lookahead_L_3,False,28,30
133,dpll_control,True,10,30
133,greedy_L,True,22,30
133,greedy_LG,True,3,30
133,lookahead_LG_3,True,12,30
133,lookahead_L_3,True,29,30
134,dpll_control,True,22,30
134,greedy_L,False,30,30
134,greedy_LG,False,27,30
134,lookahead_LG_3,True,5,30
134,lookahead_L_3,False,28,30
135,dpll_control,True,11,30
135,greedy_L,False,28,30
135,greedy_LG,False,26,30
135,lookahead_LG_3,True,9,30
135,lookahead_L_3,False,27,30
136,dpll_control,True,10,30
136,greedy_L,False,30,30
136,greedy_LG,False,26,30
136,lookahead_LG_3,True,15,30
136,lookahead_L_3,True,30,30
137,dpll_control,True,11,30
137,greedy_L,True,27,30
137,greedy_LG,False,22,30
137,lookahead_LG_3,True,6,30
137,lookahead_L_3,True,30,30
138,dpll_control,True,26,30
138,greedy_L,True,24,30
138,greedy_LG,False,23,30
138,lookahead_LG_3,True,6,30
138,lookahead_L_3,True,30,30
139,dpll_control,True,9,30
139,greedy_L,False,30,30
139,greedy_LG,True,4,30
139,lookahead_LG_3,True,8,30
139,lookahead_L_3,False,27,30
140,dpll_control,True,12,30
140,greedy_L,False,29,30
140,greedy_LG,False,23,30
140,lookahead_LG_3,True,6,30
140,lookahead_L_3,False,27,30
141,dpll_control,True,9,30
141,greedy_L,False,30,30
141,greedy_LG,True,3,30
141,lookahead_LG_3,True,7,30
141,lookahead_L_3,False,29,30
